image_name,model,gt_category,dice,iou,precision,recall,observer
ROI_1.tiff,VeSpA,category_2_intersection,0.6935446695695122,0.5308598414466903,0.7197695176485144,0.6691636495094951,
ROI_1.tiff,VeSpA+SAM (Hybrid),category_2_intersection,0.643358324845125,0.4742286313529907,0.8241948180853612,0.5275980872775474,
ROI_1.tiff,SAM,category_2_intersection,0.37086198460321135,0.22764307326834135,0.6659862477784655,0.25698291586102634,
ROI_1.tiff,YOLOv8-seg,category_2_intersection,0.0881864824566606,0.04612713617067596,0.8784254384146595,0.04642350479549973,
ROI_2.tiff,VeSpA,category_2_intersection,0.7144961142535583,0.555810155205154,0.6079255587878868,0.8663730223715541,
ROI_2.tiff,VeSpA+SAM (Hybrid),category_2_intersection,0.7362639391068783,0.5826089496777812,0.6955097668047211,0.7820914626685866,
ROI_2.tiff,SAM,category_2_intersection,0.1796961069319987,0.09871764138741297,0.3810920887379302,0.11756595232044875,
ROI_2.tiff,YOLOv8-seg,category_2_intersection,0.057231784624672856,0.029458884581152228,0.43480584253651583,0.030631868562805684,
ROI_3.tiff,VeSpA,category_2_intersection,0.7743774281892873,0.6318237326889599,0.7349083813490838,0.8183265370023278,
ROI_3.tiff,VeSpA+SAM (Hybrid),category_2_intersection,0.7713539288674192,0.6278080783316026,0.8365094187951742,0.7156148814043898,
ROI_3.tiff,SAM,category_2_intersection,0.3737447157523203,0.22981921680593828,0.6414441605034061,0.26369471671224376,
ROI_3.tiff,YOLOv8-seg,category_2_intersection,0.07748503935487519,0.04030399811758764,0.6750696914351629,0.041101342147347966,
ROI_4.tiff,VeSpA,category_2_intersection,0.7843703469746875,0.6452379184915745,0.7589436583344197,0.8115598209953092,
ROI_4.tiff,VeSpA+SAM (Hybrid),category_2_intersection,0.7878979996802368,0.6500261524792322,0.8316651860337351,0.7485070887803826,
ROI_4.tiff,SAM,category_2_intersection,0.3714818103602961,0.2281103230676738,0.6185775838292709,0.2654469133789305,
ROI_4.tiff,YOLOv8-seg,category_2_intersection,0.33206568501712747,0.19908798687946974,0.726858411993337,0.21518699362331953,
ROI_1.tiff,VeSpA,category_3_union,0.6767570478211694,0.5114382409570609,0.9211517047563498,0.5348529486219877,
ROI_1.tiff,VeSpA+SAM (Hybrid),category_3_union,0.5539991925464017,0.38312509210972856,0.9698531676763528,0.3877427309013833,
ROI_1.tiff,SAM,category_3_union,0.3119583291065545,0.18480487448004848,0.8032160438799207,0.1935689567172369,
ROI_1.tiff,YOLOv8-seg,category_3_union,0.061899274095268374,0.03193810995884796,0.9686372870113179,0.03197117127965419,
ROI_2.tiff,VeSpA,category_3_union,0.7702918534878996,0.6264021716638436,0.8429835481310999,0.7091415486808833,
ROI_2.tiff,VeSpA+SAM (Hybrid),category_3_union,0.7109674044310385,0.5515511453123705,0.891041155472354,0.5914409497010656,
ROI_2.tiff,SAM,category_3_union,0.14522602516543012,0.07829850274796046,0.4713655939675292,0.08583587267813145,
ROI_2.tiff,YOLOv8-seg,category_3_union,0.04639995021846095,0.023750997663851213,0.5810919130744567,0.024164747690515676,
ROI_3.tiff,VeSpA,category_3_union,0.7652853096484736,0.6198074062199705,0.9246539252465392,0.6527761544041663,
ROI_3.tiff,VeSpA+SAM (Hybrid),category_3_union,0.6837787577194464,0.519501384535244,0.9722447415860246,0.5273218417034476,
ROI_3.tiff,SAM,category_3_union,0.3221209035091334,0.19198099802472082,0.7790124071951766,0.20303858434399935,
ROI_3.tiff,YOLOv8-seg,category_3_union,0.0651885381926271,0.03369244987402146,0.8769826011727386,0.03385244183220439,
ROI_4.tiff,VeSpA,category_3_union,0.766648827439682,0.6215981664396467,0.9372216059600613,0.6486039786141404,
ROI_4.tiff,VeSpA+SAM (Hybrid),category_3_union,0.7141511067703431,0.5553927141288081,0.9701121579445697,0.5650614222175319,
ROI_4.tiff,SAM,category_3_union,0.33101312196096716,0.19833177019934947,0.7614504869483142,0.21147132466710128,
ROI_4.tiff,YOLOv8-seg,category_3_union,0.2906663562142036,0.170046589365925,0.9038622987229317,0.17317882316495062,
ROI_1.tiff,VeSpA,category_1_observers,0.6920264421109394,0.529082899219921,0.8468293947481603,0.585073290266906,SLR
ROI_1.tiff,VeSpA+SAM (Hybrid),category_1_observers,0.5956655219496049,0.4241621431787059,0.9239038915699764,0.4395169070326906,SLR
ROI_1.tiff,SAM,category_1_observers,0.33452383287284515,0.200857772375019,0.7505493507157174,0.21522548816080303,SLR
ROI_1.tiff,YOLOv8-seg,category_1_observers,0.06900014648548423,0.03573285951311728,0.912938932880063,0.03585503954540089,SLR
ROI_2.tiff,VeSpA,category_1_observers,0.7332341651901982,0.5788237612994114,0.7240341254929672,0.7426710171271155,SLR
ROI_2.tiff,VeSpA+SAM (Hybrid),category_1_observers,0.7066854611608533,0.5464142247988336,0.7899177950721682,0.6393212378490059,SLR
ROI_2.tiff,SAM,category_1_observers,0.1528715381296546,0.0827617251779346,0.42067636485668813,0.09340769760536506,SLR
ROI_2.tiff,YOLOv8-seg,category_1_observers,0.049593721323559437,0.025427379857090125,0.5138270395439971,0.02605421516715026,SLR
ROI_3.tiff,VeSpA,category_1_observers,0.776618169879131,0.6348125750751111,0.8687248286872483,0.7021704589868643,SLR
ROI_3.tiff,VeSpA+SAM (Hybrid),category_1_observers,0.7178243965211102,0.5598487403546425,0.936892190968766,0.5817883664417898,SLR
ROI_3.tiff,SAM,category_1_observers,0.3385389826571061,0.20375981086725556,0.7365126029483995,0.21978074498275188,SLR
ROI_3.tiff,YOLOv8-seg,category_1_observers,0.07185576363658555,0.037266798967337346,0.8488657118138998,0.03751571872822744,SLR
ROI_4.tiff,VeSpA,category_1_observers,0.7703962942308213,0.6265403158889309,0.8570834757841765,0.6996338871705913,SLR
ROI_4.tiff,VeSpA+SAM (Hybrid),category_1_observers,0.7434212836046659,0.5916233292071589,0.9127400670960503,0.6270919478266631,SLR
ROI_4.tiff,SAM,category_1_observers,0.34259663248539274,0.2067068519349882,0.6942154585404422,0.2274125851661562,SLR
ROI_4.tiff,YOLOv8-seg,category_1_observers,0.29806938046256914,0.17513603494811186,0.8084886174347584,0.18271610143543937,SLR
ROI_1.tiff,VeSpA,category_1_observers,0.6756826534413033,0.510212038826719,0.7940918276567038,0.588003818172617,GG
ROI_1.tiff,VeSpA+SAM (Hybrid),category_1_observers,0.5876662440376367,0.4160958707930912,0.8701440941917377,0.44364443529261893,GG
ROI_1.tiff,SAM,category_1_observers,0.3378877311570466,0.20328815176381587,0.7186529409426687,0.22086592944058886,GG
ROI_1.tiff,YOLOv8-seg,category_1_observers,0.07546259859001625,0.039210772695157645,0.9341237925459144,0.0393194997286445,GG
ROI_2.tiff,VeSpA,category_1_observers,0.7589311776995796,0.611514175573954,0.7268749814260195,0.7939452667114703,GG
ROI_2.tiff,VeSpA+SAM (Hybrid),category_1_observers,0.7375216802290517,0.5841856202036486,0.7966331272049069,0.6865766026793174,GG
ROI_2.tiff,SAM,category_1_observers,0.1651381499113227,0.09000031795491399,0.4317813178487713,0.1020920220395081,GG
ROI_2.tiff,YOLOv8-seg,category_1_observers,0.051441157716915084,0.02639959163698776,0.5020707160669754,0.027109364386453613,GG
ROI_3.tiff,VeSpA,category_1_observers,0.7613878307996119,0.6147104394195817,0.7908374779083748,0.7340527645208542,GG
ROI_3.tiff,VeSpA+SAM (Hybrid),category_1_observers,0.7258521887897457,0.5696765967052849,0.8718619694124328,0.621731489059125,GG
ROI_3.tiff,SAM,category_1_observers,0.349113839652712,0.21147057140467565,0.6839439647501833,0.23437414243322718,GG
ROI_3.tiff,YOLOv8-seg,category_1_observers,0.06792885589290544,0.0351585686169433,0.7031865807940018,0.03568819390491849,GG
ROI_4.tiff,VeSpA,category_1_observers,0.7786927061755955,0.6375894994757587,0.8390817885103045,0.7264124829122253,GG
ROI_4.tiff,VeSpA+SAM (Hybrid),category_1_observers,0.749479570846113,0.5993341279144216,0.8890372768822546,0.6477916845884242,GG
ROI_4.tiff,SAM,category_1_observers,0.3536590954703987,0.21481522720924406,0.685812612237143,0.23826320070523002,GG
ROI_4.tiff,YOLOv8-seg,category_1_observers,0.31794248161917843,0.18901998186437494,0.8222320932815103,0.19707367865188635,GG
