image_name,model,gt_category,dice,iou,precision,recall
ROI_1.tiff,VeSpA,category_2_intersection,0.6935446695695122,0.5308598414466903,0.7197695176485144,0.6691636495094951
ROI_1.tiff,VeSpA+SAM (Hybrid),category_2_intersection,0.643358324845125,0.4742286313529907,0.8241948180853612,0.5275980872775474
ROI_1.tiff,SAM,category_2_intersection,0.37086198460321135,0.22764307326834135,0.6659862477784655,0.25698291586102634
ROI_1.tiff,YOLOv8-seg,category_2_intersection,0.0881864824566606,0.04612713617067596,0.8784254384146595,0.04642350479549973
ROI_2.tiff,VeSpA,category_2_intersection,0.7144961142535583,0.555810155205154,0.6079255587878868,0.8663730223715541
ROI_2.tiff,VeSpA+SAM (Hybrid),category_2_intersection,0.7362639391068783,0.5826089496777812,0.6955097668047211,0.7820914626685866
ROI_2.tiff,SAM,category_2_intersection,0.1796961069319987,0.09871764138741297,0.3810920887379302,0.11756595232044875
ROI_2.tiff,YOLOv8-seg,category_2_intersection,0.057231784624672856,0.029458884581152228,0.43480584253651583,0.030631868562805684
ROI_3.tiff,VeSpA,category_2_intersection,0.7743774281892873,0.6318237326889599,0.7349083813490838,0.8183265370023278
ROI_3.tiff,VeSpA+SAM (Hybrid),category_2_intersection,0.7713539288674192,0.6278080783316026,0.8365094187951742,0.7156148814043898
ROI_3.tiff,SAM,category_2_intersection,0.3737447157523203,0.22981921680593828,0.6414441605034061,0.26369471671224376
ROI_3.tiff,YOLOv8-seg,category_2_intersection,0.07748503935487519,0.04030399811758764,0.6750696914351629,0.041101342147347966
ROI_4.tiff,VeSpA,category_2_intersection,0.7843703469746875,0.6452379184915745,0.7589436583344197,0.8115598209953092
ROI_4.tiff,VeSpA+SAM (Hybrid),category_2_intersection,0.7878979996802368,0.6500261524792322,0.8316651860337351,0.7485070887803826
ROI_4.tiff,SAM,category_2_intersection,0.3714818103602961,0.2281103230676738,0.6185775838292709,0.2654469133789305
ROI_4.tiff,YOLOv8-seg,category_2_intersection,0.33206568501712747,0.19908798687946974,0.726858411993337,0.21518699362331953
