image_name,model,gt_category,observer,dice,iou,precision,recall
ROI_1.tiff,VeSpA,category_1_observers,GG,0.6756826534413033,0.510212038826719,0.7940918276567038,0.588003818172617
ROI_1.tiff,VeSpA+SAM (Hybrid),category_1_observers,GG,0.5876662440376367,0.4160958707930912,0.8701440941917377,0.44364443529261893
ROI_1.tiff,SAM,category_1_observers,GG,0.3378877311570466,0.20328815176381587,0.7186529409426687,0.22086592944058886
ROI_1.tiff,YOLOv8-seg,category_1_observers,GG,0.07546259859001625,0.039210772695157645,0.9341237925459144,0.0393194997286445
ROI_2.tiff,VeSpA,category_1_observers,GG,0.7589311776995796,0.611514175573954,0.7268749814260195,0.7939452667114703
ROI_2.tiff,VeSpA+SAM (Hybrid),category_1_observers,GG,0.7375216802290517,0.5841856202036486,0.7966331272049069,0.6865766026793174
ROI_2.tiff,SAM,category_1_observers,GG,0.1651381499113227,0.09000031795491399,0.4317813178487713,0.1020920220395081
ROI_2.tiff,YOLOv8-seg,category_1_observers,GG,0.051441157716915084,0.02639959163698776,0.5020707160669754,0.027109364386453613
ROI_3.tiff,VeSpA,category_1_observers,GG,0.7613878307996119,0.6147104394195817,0.7908374779083748,0.7340527645208542
ROI_3.tiff,VeSpA+SAM (Hybrid),category_1_observers,GG,0.7258521887897457,0.5696765967052849,0.8718619694124328,0.621731489059125
ROI_3.tiff,SAM,category_1_observers,GG,0.349113839652712,0.21147057140467565,0.6839439647501833,0.23437414243322718
ROI_3.tiff,YOLOv8-seg,category_1_observers,GG,0.06792885589290544,0.0351585686169433,0.7031865807940018,0.03568819390491849
ROI_4.tiff,VeSpA,category_1_observers,GG,0.7786927061755955,0.6375894994757587,0.8390817885103045,0.7264124829122253
ROI_4.tiff,VeSpA+SAM (Hybrid),category_1_observers,GG,0.749479570846113,0.5993341279144216,0.8890372768822546,0.6477916845884242
ROI_4.tiff,SAM,category_1_observers,GG,0.3536590954703987,0.21481522720924406,0.685812612237143,0.23826320070523002
ROI_4.tiff,YOLOv8-seg,category_1_observers,GG,0.31794248161917843,0.18901998186437494,0.8222320932815103,0.19707367865188635
