image_name,model,dice,iou,precision,recall
ROI_1.tiff,VeSpA,0.6775817743499417,0.5123808498758888,0.8425929681594425,0.5666169910459901
ROI_1.tiff,SAM,0.33848265425076646,0.20371900125913722,0.7505493507157174,0.21851404596771995
ROI_1.tiff,YOLOv8-seg,0.07001401329474577,0.03627695422507658,0.912938932880063,0.03640288994742319
ROI_2.tiff,VeSpA,0.7099933665451276,0.5503796245168415,0.7030270702760368,0.717099102603159
ROI_2.tiff,SAM,0.15742716632205347,0.08543877530627336,0.4347507741433576,0.09611577689520702
ROI_2.tiff,YOLOv8-seg,0.049389770836343015,0.025320163966083248,0.5138270395439971,0.025941659650191722
ROI_3.tiff,VeSpA,0.7730336516021038,0.6300365552906058,0.8646566508151993,0.6989678052251155
ROI_3.tiff,SAM,0.3424372476938212,0.20659081969438914,0.7365126029483995,0.22307804254906294
ROI_3.tiff,YOLOv8-seg,0.0,0.0,1.0,0.0
ROI_4.tiff,VeSpA,0.7722243336908754,0.6289620774227396,0.8580686413870425,0.7019942734123154
ROI_4.tiff,SAM,0.3414533079080546,0.2058750046267165,0.6818042522937748,0.22775828763358028
ROI_4.tiff,YOLOv8-seg,0.0,0.0,1.0,0.0
